First-Name,Last-Name,Mobile,Home,Work,Email-Home,Email-Work,Email-Mobile
dimas,novian,+6285607184299,,,dimasa52@gmail.com,,
dimas1,novian1,+6285607184300,,,dimasa52@gmail.com,,
dimas2,novian2,+6285607184301,,,dimasa52@gmail.com,,
dimas3,novian3,+6285607184302,,,dimasa52@gmail.com,,
dimas4,novian4,+6285607184303,,,dimasa52@gmail.com,,
dimas5,novian5,+6285607184304,,,dimasa52@gmail.com,,
dimas6,novian6,+6285607184305,,,dimasa52@gmail.com,,
dimas7,novian7,+6285607184306,,,dimasa52@gmail.com,,
dimas8,novian8,+6285607184307,,,dimasa52@gmail.com,,
dimas9,novian9,+6285607184308,,,dimasa52@gmail.com,,
dimas10,novian10,+6285607184309,,,dimasa52@gmail.com,,
dimas11,novian11,+6285607184310,,,dimasa52@gmail.com,,
dimas12,novian12,+6285607184311,,,dimasa52@gmail.com,,
dimas13,novian13,+6285607184312,,,dimasa52@gmail.com,,
dimas14,novian14,+6285607184313,,,dimasa52@gmail.com,,
